count	50.0
mean	7.077999999999999
std	3.1237794714001565
min	2.666666666666667
25%	4.6875
50%	6.999999999999999
75%	7.875
max	15.0
