count	50.0
mean	1.4745783620263324
std	0.11869271500322688
min	1.2682926829268295
25%	1.3946078431372548
50%	1.4677083333333334
75%	1.5476539589442813
max	1.956521739130435
