count	50.0
mean	3.2428369326751683
std	0.3124564643692557
min	2.6666666666666665
25%	3.0166666666666666
50%	3.2403846153846154
75%	3.417582417582418
max	4.1
