count	50.0
mean	2.160402191687831
std	0.2286584097750541
min	1.7647058823529411
25%	2.0339285714285715
50%	2.161290322580645
75%	2.2326923076923078
max	2.818181818181818
