count	50.0
mean	2.7806623384004467
std	0.4073670302541582
min	2.125
25%	2.5113636363636362
50%	2.6666666666666665
75%	3.0555555555555554
max	4.0
