count	50.0
mean	2.230452738894224
std	0.24699225188455234
min	1.823529411764706
25%	2.0317708333333333
50%	2.1695402298850572
75%	2.3429487179487176
max	2.9615384615384617
